{
  "project_info": {
    "project_number": "100525044183",
    "firebase_url": "https://itifighter.firebaseio.com",
    "project_id": "itifighter",
    "storage_bucket": "itifighter.appspot.com"
  },
  "client": [
    {
      "client_info": {
        "mobilesdk_app_id": "1:100525044183:android:65d26685204c68052c9b92",
        "android_client_info": {
          "package_name": "com.example.ecommlogin"
        }
      },
      "oauth_client": [
        {
          "client_id": "100525044183-jilpeotk95bhf5oben20fclic4ndmg4s.apps.googleusercontent.com",
          "client_type": 3
        }
      ],
      "api_key": [
        {
          "current_key": "AIzaSyCjHnjpuBASVJrpAMLr8nLQoeAgGJkPEes"
        }
      ],
      "services": {
        "appinvite_service": {
          "other_platform_oauth_client": [
            {
              "client_id": "100525044183-jilpeotk95bhf5oben20fclic4ndmg4s.apps.googleusercontent.com",
              "client_type": 3
            }
          ]
        }
      }
    },
    {
      "client_info": {
        "mobilesdk_app_id": "1:100525044183:android:d86e015f58bc7f132c9b92",
        "android_client_info": {
          "package_name": "com.example.itifighter"
        }
      },
      "oauth_client": [
        {
          "client_id": "100525044183-jilpeotk95bhf5oben20fclic4ndmg4s.apps.googleusercontent.com",
          "client_type": 3
        }
      ],
      "api_key": [
        {
          "current_key": "AIzaSyCjHnjpuBASVJrpAMLr8nLQoeAgGJkPEes"
        }
      ],
      "services": {
        "appinvite_service": {
          "other_platform_oauth_client": [
            {
              "client_id": "100525044183-jilpeotk95bhf5oben20fclic4ndmg4s.apps.googleusercontent.com",
              "client_type": 3
            }
          ]
        }
      }
    }
  ],
  "configuration_version": "1"
}